https://mail.ru/, mail.ru, 0, 1, 270
https://mail.ru/, mail.ru, 1, None, 953
https://mail.ru/, mail.ru, 2, None, 724
https://zoom.us/, zoom.us, 0, 1, 553
https://zoom.us/, zoom.us, 1, None, 1049
https://zoom.us/, zoom.us, 2, None, 996
https://european-union.europa.eu/select-language?destination=/node/1, europa.eu, 0, 1, 28
https://european-union.europa.eu/select-language?destination=/node/1, europa.eu, 1, 1, 254
https://european-union.europa.eu/select-language?destination=/node/1, europa.eu, 2, None, 269
https://stackoverflow.com/, stackoverflow.com, 0, 1, 45
https://stackoverflow.com/, stackoverflow.com, 1, 1, 280
https://stackoverflow.com/, stackoverflow.com, 2, -2, 234
https://www.teamviewer.com/en-us/, teamviewer.com, 0, 1, 112
https://www.teamviewer.com/en-us/, teamviewer.com, 1, 1, 585
https://www.teamviewer.com/en-us/, teamviewer.com, 2, None, 571
https://www.amazon.co.uk/, amazon.co.uk, 0, 1, 267
https://www.amazon.co.uk/, amazon.co.uk, 1, 1, 824
https://www.amazon.co.uk/, amazon.co.uk, 2, -2, 692
https://www.hp.com/us-en/home.html, hp.com, 0, 1, 143
https://www.hp.com/us-en/home.html, hp.com, 1, 1, 124
https://www.hp.com/us-en/home.html, hp.com, 2, -2, 974
https://us.alibabacloud.com/en, alibabacloud.com, 0, 1, 466
https://us.alibabacloud.com/en, alibabacloud.com, 1, 1, 1465
https://us.alibabacloud.com/en, alibabacloud.com, 2, 2, 1080
https://www.rackspace.com/, rackspace.com, 0, 1, 116
https://www.rackspace.com/, rackspace.com, 1, 1, 500
https://www.rackspace.com/, rackspace.com, 2, 2, 490
https://www.freepik.com/, freepik.com, 0, 1, 1398
https://www.freepik.com/, freepik.com, 1, 1, 1582
https://www.freepik.com/, freepik.com, 2, -2, 1408
https://www.springer.com/us, springer.com, 0, 1, 17
https://www.springer.com/us, springer.com, 1, 1, 318
https://www.springer.com/us, springer.com, 2, -2, 348
https://www.nature.com/, nature.com, 0, 1, 66
https://www.nature.com/, nature.com, 1, 1, 708
https://www.nature.com/, nature.com, 2, -2, 705
https://www.indexexchange.com/, indexexchange.com, 0, 1, 42
https://www.indexexchange.com/, indexexchange.com, 1, 1, 458
https://www.indexexchange.com/, indexexchange.com, 2, None, 483
https://www.surveymonkey.com/, surveymonkey.com, 0, 1, 195
https://www.surveymonkey.com/, surveymonkey.com, 1, 1, 833
https://www.surveymonkey.com/, surveymonkey.com, 2, None, 841
https://www.paloaltonetworks.com/, paloaltonetworks.com, 0, 1, 275
https://www.nvidia.com/en-us/, nvidia.com, 0, 1, 213
https://www.nvidia.com/en-us/, nvidia.com, 1, 1, 778
https://www.nvidia.com/en-us/, nvidia.com, 2, -2, 828
https://mail.ru/, mail.ru, 0, 1, 195
https://mail.ru/, mail.ru, 1, None, 1122
https://mail.ru/, mail.ru, 2, None, 1206
https://www.verisign.com/, verisign.com, 0, 1, 26
https://www.verisign.com/, verisign.com, 1, 1, 261
https://www.verisign.com/, verisign.com, 2, None, 254
https://www.swrve.com/, swrve.com, 0, 1, 82
https://www.swrve.com/, swrve.com, 1, 1, 574
https://www.swrve.com/, swrve.com, 2, 2, 564
https://www.businesswire.com/portal/site/home/, businesswire.com, 0, 1, 124
https://www.businesswire.com/portal/site/home/, businesswire.com, 2, None, 949
https://www2.deloitte.com/us/en.html, deloitte.com, 0, 1, 115
https://www2.deloitte.com/us/en.html, deloitte.com, 1, 1, 881
https://www2.deloitte.com/us/en.html, deloitte.com, 2, None, 1141
https://www.rt.com/, rt.com, 0, 1, 127
https://www.rt.com/, rt.com, 1, 1, 829
https://www.rt.com/, rt.com, 2, None, 850
https://www.docker.com/, docker.com, 0, 1, 102
https://www.docker.com/, docker.com, 1, 1, 731
https://www.docker.com/, docker.com, 2, 2, 677
https://www.ebay.co.uk/, ebay.co.uk, 0, 1, 144
https://www.ebay.co.uk/, ebay.co.uk, 1, 1, 514
https://www.ebay.co.uk/, ebay.co.uk, 2, 2, 480
https://www.abc.net.au/, abc.net.au, 0, 1, 123
https://www.abc.net.au/, abc.net.au, 1, 1, 815
https://www.abc.net.au/, abc.net.au, 2, None, 801
https://doubleverify.com/, doubleverify.com, 0, 1, 48
https://doubleverify.com/, doubleverify.com, 1, None, 475
https://doubleverify.com/, doubleverify.com, 2, None, 491
https://www.bmj.com/, bmj.com, 0, 1, 55
https://www.bmj.com/, bmj.com, 1, 1, 510
https://www.bmj.com/, bmj.com, 2, -2, 553
https://getpocket.com/en/, getpocket.com, 0, 1, 40
https://getpocket.com/en/, getpocket.com, 1, 1, 334
https://getpocket.com/en/, getpocket.com, 2, -2, 282
https://supersonicads.com/, supersonicads.com, 0, 1, 5
https://supersonicads.com/, supersonicads.com, 1, None, 143
https://supersonicads.com/, supersonicads.com, 2, None, 150
https://www.gartner.com/en, gartner.com, 0, 1, 96
https://www.gartner.com/en, gartner.com, 1, 1, 534
https://www.gartner.com/en, gartner.com, 2, None, 482
https://www.branch.io/, branch.io, 0, 1, 133
https://www.branch.io/, branch.io, 1, 1, 652
https://www.branch.io/, branch.io, 2, 2, 660
https://vercara.com/authoritative-dns, vercara.com, 0, 1, 112
https://vercara.com/authoritative-dns, vercara.com, 1, 1, 715
https://vercara.com/authoritative-dns, vercara.com, 2, None, 299
https://www.mlb.com/, mlb.com, 0, 1, 1594
https://www.mlb.com/, mlb.com, 1, 1, 2084
https://www.mlb.com/, mlb.com, 2, None, 2564
https://www.blackboard.com/, blackboard.com, 0, 1, 54
https://www.blackboard.com/, blackboard.com, 1, 1, 370
https://www.blackboard.com/, blackboard.com, 2, None, 348
https://www.entrust.com/digital-security/certificate-solutions/products/digital-certificates/tls-ssl-certificates, entrust.com, 0, 1, 147
https://www.entrust.com/digital-security/certificate-solutions/products/digital-certificates/tls-ssl-certificates, entrust.com, 1, None, 860
https://www.entrust.com/digital-security/certificate-solutions/products/digital-certificates/tls-ssl-certificates, entrust.com, 2, None, 611
https://slate.com/, slate.com, 0, 1, 1101
https://slate.com/, slate.com, 1, -1, 1870
https://slate.com/, slate.com, 2, -2, 1889
https://amplitude.com/, amplitude.com, 0, 1, 200
https://amplitude.com/, amplitude.com, 1, 1, 753
https://amplitude.com/, amplitude.com, 2, None, 984
https://www.thelancet.com/, thelancet.com, 0, 1, 101
https://www.thelancet.com/, thelancet.com, 1, 1, 651
https://www.thelancet.com/, thelancet.com, 2, None, 626
https://www.ey.com/en_us, ey.com, 0, 1, 131
https://www.ey.com/en_us, ey.com, 1, 1, 904
https://www.ey.com/en_us, ey.com, 2, 2, 840
https://www.broadcom.com/products/cybersecurity, broadcom.com, 0, 1, 105
https://www.broadcom.com/products/cybersecurity, broadcom.com, 1, 1, 524
https://www.broadcom.com/products/cybersecurity, broadcom.com, 2, None, 457
https://www.mediatek.com/, mediatek.com, 0, 1, 52
https://www.mediatek.com/, mediatek.com, 1, None, 469
https://www.mediatek.com/, mediatek.com, 2, None, 493
https://www.onetrust.com/, onetrust.com, 0, 1, 127
https://www.onetrust.com/, onetrust.com, 1, 1, 896
https://www.onetrust.com/, onetrust.com, 2, 2, 1009
https://www.pulsepoint.com/, pulsepoint.com, 0, 1, 124
https://www.pulsepoint.com/, pulsepoint.com, 1, 1, 698
https://www.pulsepoint.com/, pulsepoint.com, 2, 2, 655
https://www.sap.com/index.html, sap.com, 0, 1, 160
https://www.sap.com/index.html, sap.com, 1, -1, 818
https://www.sap.com/index.html, sap.com, 2, None, 830
https://www.discogs.com/, discogs.com, 0, 1, 394
https://www.discogs.com/, discogs.com, 1, 1, 1193
https://www.discogs.com/, discogs.com, 2, None, 1170
https://www.rackspace.com/, rackspace.com, 0, 1, 114
https://www.rackspace.com/, rackspace.com, 1, 1, 525
https://www.rackspace.com/, rackspace.com, 2, 2, 529
https://gumgum.com/, gumgum.com, 0, 1, 88
https://gumgum.com/, gumgum.com, 1, 1, 548
https://gumgum.com/, gumgum.com, 2, -2, 565
https://www.branch.io/applink/, branch.io, 0, 1, 44
https://www.branch.io/applink/, branch.io, 1, 1, 452
https://www.branch.io/applink/, branch.io, 2, 2, 456
https://www.pendo.io/, pendo.io, 0, 1, 420
https://www.pendo.io/, pendo.io, 1, 1, 1163
https://www.pendo.io/, pendo.io, 2, -2, 1350
https://www.agora.io/en/, agora.io, 0, 1, 62
https://www.agora.io/en/, agora.io, 1, 1, 556
https://www.agora.io/en/, agora.io, 2, -2, 501
https://www.databricks.com/, databricks.com, 0, 1, 122
https://www.databricks.com/, databricks.com, 1, 1, 1652
https://www.databricks.com/, databricks.com, 2, 2, 1354
https://yieldmo.com/, yieldmo.com, 0, 1, 137
https://yieldmo.com/, yieldmo.com, 1, None, 917
https://yieldmo.com/, yieldmo.com, 2, None, 950
https://www.mitre.org/, mitre.org, 0, 1, 1065
https://www.mitre.org/, mitre.org, 1, 1, 1063
https://www.mitre.org/, mitre.org, 2, 2, 1101
https://www.acm.org/, acm.org, 0, 1, 87
https://www.acm.org/, acm.org, 1, 1, 830
https://www.acm.org/, acm.org, 2, -2, 604
https://www.flaticon.com/, flaticon.com, 0, 1, 93
https://www.flaticon.com/, flaticon.com, 1, 1, 609
https://www.flaticon.com/, flaticon.com, 2, -2, 627
https://www.ssrn.com/index.cfm/en/, ssrn.com, 0, 1, 76
https://www.ssrn.com/index.cfm/en/, ssrn.com, 1, 1, 532
https://www.ssrn.com/index.cfm/en/, ssrn.com, 2, None, 461
https://www.thoughtco.com/, thoughtco.com, 0, 1, 93
https://www.thoughtco.com/, thoughtco.com, 1, None, 386
https://www.thoughtco.com/, thoughtco.com, 2, None, 379
https://www.goguardian.com/, goguardian.com, 0, 1, 165
https://www.goguardian.com/, goguardian.com, 1, 1, 755
https://www.goguardian.com/, goguardian.com, 2, None, 838
https://www.newscientist.com/, newscientist.com, 0, 1, 1450
https://www.newscientist.com/, newscientist.com, 1, 1, 985
https://www.newscientist.com/, newscientist.com, 2, -2, 2054
https://tinder.com/, tinder.com, 0, 1, 88
https://tinder.com/, tinder.com, 1, 1, 644
https://tinder.com/, tinder.com, 2, 2, 715
https://trustarc.com/, trustarc.com, 0, 1, 92
https://trustarc.com/, trustarc.com, 1, 1, 514
https://trustarc.com/, trustarc.com, 2, 2, 530
https://www.fifa.com/fifaplus/en, fifa.com, 0, 1, 157
https://www.fifa.com/fifaplus/en, fifa.com, 1, -1, 536
https://www.fifa.com/fifaplus/en, fifa.com, 2, 2, 519
https://www.viber.com/en/?utm_source=invite&utm_Medium=share&utm_campaign=msgtest, viber.com, 1, 1, 1632
https://www.viber.com/en/?utm_source=invite&utm_Medium=share&utm_campaign=msgtest, viber.com, 2, None, 1175
https://www.helpshift.com/, helpshift.com, 0, 1, 218
https://www.helpshift.com/, helpshift.com, 1, 1, 870
https://www.helpshift.com/, helpshift.com, 2, 2, 862
https://bizportal.shift4.com/logon/UI/Login?goto=https%3A%2F%2Fbizportal.shift4.com%2FBizPortal%2F, shift4.com, 0, 1, 9
https://www.shift4.com/, shift4.com, 1, 1, 677
https://www.shift4.com/, shift4.com, 2, 2, 678
https://trustarc.com/, trustarc.com, 0, 1, 92
https://trustarc.com/, trustarc.com, 1, 1, 706
https://trustarc.com/, trustarc.com, 2, 2, 521
https://www.wufoo.com/, wufoo.com, 0, 1, 108
https://www.wufoo.com/, wufoo.com, 1, 1, 631
https://www.wufoo.com/, wufoo.com, 2, None, 658
https://weborama.fr/, weborama.fr, 0, 1, 6
https://weborama.fr/, weborama.fr, 1, None, 117
https://weborama.fr/, weborama.fr, 2, None, 133
https://www.osu.edu/, osu.edu, 0, 1, 1113
https://www.osu.edu/, osu.edu, 1, 1, 1683
https://www.osu.edu/, osu.edu, 2, None, 1674
https://www.mimecast.com/, mimecast.com, 0, 1, 182
https://www.mimecast.com/, mimecast.com, 1, 1, 991
https://www.technologyreview.com/, technologyreview.com, 0, 1, 276
https://www.technologyreview.com/, technologyreview.com, 1, 1, 1037
https://www.technologyreview.com/, technologyreview.com, 2, -2, 1029
https://www.pubnub.com/, pubnub.com, 0, 1, 237
https://www.pubnub.com/, pubnub.com, 1, 1, 1011
https://www.pubnub.com/, pubnub.com, 2, None, 901
https://adtelligent.com/, adtelligent.com, 0, 1, 78
https://adtelligent.com/, adtelligent.com, 1, -1, 624
https://adtelligent.com/, adtelligent.com, 2, None, 390
https://www.logitech.com/, logitech.com, 0, 1, 182
https://www.logitech.com/, logitech.com, 1, None, 1782
https://www.logitech.com/, logitech.com, 2, None, 1742
https://www.algolia.com/, algolia.com, 0, 1, 316
https://www.algolia.com/, algolia.com, 1, 1, 714
https://www.algolia.com/, algolia.com, 2, -2, 710
https://seekingalpha.com/, seekingalpha.com, 0, 1, 149
https://seekingalpha.com/, seekingalpha.com, 1, None, 471
https://seekingalpha.com/, seekingalpha.com, 2, None, 554
https://ico.org.uk/, ico.org.uk, 0, 1, 22
https://ico.org.uk/, ico.org.uk, 1, 1, 281
https://ico.org.uk/, ico.org.uk, 2, 2, 344
https://playrix.com/, playrix.com, 0, 1, 51
https://playrix.com/, playrix.com, 1, 1, 274
https://playrix.com/, playrix.com, 2, 2, 264
https://www.cancer.org/, cancer.org, 0, 1, 322
https://www.cancer.org/, cancer.org, 1, 1, 1297
https://www.cancer.org/, cancer.org, 2, None, 1176
https://www.thomsonreuters.com/en.html, thomsonreuters.com, 0, 1, 175
https://www.thomsonreuters.com/en.html, thomsonreuters.com, 1, 1, 794
https://www.thomsonreuters.com/en.html, thomsonreuters.com, 2, None, 809
https://www.zend.com/, zend.com, 0, 1, 72
https://www.zend.com/, zend.com, 1, 1, 502
https://www.zend.com/, zend.com, 2, None, 432
https://www.thawte.com/, thawte.com, 0, 1, 65
https://www.thawte.com/, thawte.com, 1, 1, 442
https://www.thawte.com/, thawte.com, 2, None, 402
https://www.allrecipes.com/, allrecipes.com, 0, 1, 110
https://www.allrecipes.com/, allrecipes.com, 1, None, 1173
https://www.allrecipes.com/, allrecipes.com, 2, None, 723
https://www.cell.com/, cell.com, 0, 1, 88
https://www.cell.com/, cell.com, 1, 1, 654
https://www.cell.com/, cell.com, 2, None, 613
https://www.lifewire.com/, lifewire.com, 0, 1, 176
https://www.lifewire.com/, lifewire.com, 1, None, 1113
https://www.lifewire.com/, lifewire.com, 2, None, 1172
https://www.strava.com/, strava.com, 0, 1, 62
https://www.strava.com/, strava.com, 1, 1, 513
https://www.strava.com/, strava.com, 2, 2, 474
https://www.broadcom.com/, broadcom.com, 0, 1, 114
https://www.broadcom.com/, broadcom.com, 1, 1, 397
https://www.broadcom.com/, broadcom.com, 2, None, 421
https://www.adweek.com/, adweek.com, 0, 1, 501
https://www.adweek.com/, adweek.com, 1, 1, 1311
https://www.adweek.com/, adweek.com, 2, None, 1389
https://www.docusign.com/, docusign.com, 0, 1, 164
https://www.docusign.com/, docusign.com, 1, 1, 620
https://www.docusign.com/, docusign.com, 2, -2, 593
https://grserver.gr/, grserver.gr, 0, 1, 2
https://grserver.gr/, grserver.gr, 1, None, 178
https://grserver.gr/, grserver.gr, 2, None, 158
https://www.pcworld.com/, pcworld.com, 0, 1, 1024
https://segment.com/, segment.com, 0, 1, 252
https://segment.com/, segment.com, 1, 1, 1250
https://segment.com/, segment.com, 2, 2, 1172
https://www.mastercard.us/en-us.html, mastercard.us, 0, 1, 880
https://www.mastercard.us/en-us.html, mastercard.us, 1, 1, 1531
https://www.mastercard.us/en-us.html, mastercard.us, 2, -2, 1668
https://www.coe.int/en/web/portal/home, coe.int, 2, None, 1410
https://www.yumpu.com/en, yumpu.com, 0, 1, 83
https://www.yumpu.com/en, yumpu.com, 1, 1, 791
https://www.yumpu.com/en, yumpu.com, 2, -2, 827
https://www.vdx.tv/, vdx.tv, 0, 1, 40
https://www.vdx.tv/, vdx.tv, 1, 1, 441
https://www.vdx.tv/, vdx.tv, 2, 2, 473
https://www.innovid.com/, innovid.com, 0, 1, 81
https://www.innovid.com/, innovid.com, 1, 1, 565
https://www.innovid.com/, innovid.com, 2, -2, 569
https://www.epam.com/, epam.com, 0, 1, 116
https://www.epam.com/, epam.com, 1, 1, 704
https://www.epam.com/, epam.com, 2, -2, 708
https://www.ap.org/en/, ap.org, 0, 1, 102
https://www.ap.org/en/, ap.org, 1, 1, 555
https://www.ap.org/en/, ap.org, 2, None, 619
https://www.flightradar24.com/52.52,13.39/4, flightradar24.com, 0, 1, 213
https://www.flightradar24.com/52.52,13.39/4, flightradar24.com, 1, -1, 981
https://www.flightradar24.com/52.52,13.39/4, flightradar24.com, 2, None, 1013
https://thomsonreuters.net/, thomsonreuters.net, 0, 1, 4
https://thomsonreuters.net/, thomsonreuters.net, 1, None, 87
https://thomsonreuters.net/, thomsonreuters.net, 2, None, 114
https://www.gog.com/, gog.com, 0, 1, 83
https://www.gog.com/, gog.com, 1, None, 641
https://www.gog.com/, gog.com, 2, None, 609
https://dxc.com/us/en, dxc.com, 0, 1, 126
https://dxc.com/us/en, dxc.com, 1, 1, 578
https://dxc.com/us/en, dxc.com, 2, None, 1109
https://www.verywellmind.com/, verywellmind.com, 0, 1, 50
https://www.verywellmind.com/, verywellmind.com, 1, None, 460
https://www.verywellmind.com/, verywellmind.com, 2, None, 469
https://www.king.com/, king.com, 0, 1, 76
https://www.king.com/, king.com, 1, 1, 614
https://www.king.com/, king.com, 2, 2, 704
https://segment.com/, segment.com, 0, 1, 290
https://segment.com/, segment.com, 1, 1, 1201
https://segment.com/, segment.com, 2, 2, 1143
https://www.avg.com/en-us/homepage#pc, avg.com, 0, 1, 240
https://www.avg.com/en-us/homepage#pc, avg.com, 1, -1, 990
https://www.avg.com/en-us/homepage#pc, avg.com, 2, None, 1011
https://www.uefa.com/, uefa.com, 0, 1, 239
https://www.uefa.com/, uefa.com, 1, 1, 1121
https://www.uefa.com/, uefa.com, 2, 2, 984
https://www.team-cymru.com/, team-cymru.com, 0, 1, 200
https://www.team-cymru.com/, team-cymru.com, 1, 1, 929
https://www.team-cymru.com/, team-cymru.com, 2, None, 984
https://worldcat.org/, worldcat.org, 0, 1, 127
https://worldcat.org/, worldcat.org, 1, 1, 678
https://worldcat.org/, worldcat.org, 2, 2, 634
https://www.n-able.com/, n-able.com, 0, 1, 235
https://www.n-able.com/, n-able.com, 1, None, 843
https://www.n-able.com/, n-able.com, 2, None, 686
https://www.esa.int/, esa.int, 0, 1, 134
https://www.esa.int/, esa.int, 1, 1, 877
https://www.esa.int/, esa.int, 2, -2, 811
https://www.premierleague.com/matchweek/12463/blog, premierleague.com, 0, 1, 189
https://www.premierleague.com/matchweek/12463/blog, premierleague.com, 1, 1, 772
https://www.premierleague.com/matchweek/12463/blog, premierleague.com, 2, None, 798
https://tinder.com/, tinder.com, 0, 1, 87
https://tinder.com/, tinder.com, 1, 1, 646
https://tinder.com/, tinder.com, 2, 2, 665
https://www.breitbart.com/, breitbart.com, 0, 1, 381
https://www.breitbart.com/, breitbart.com, 1, 1, 1299
https://www.breitbart.com/, breitbart.com, 2, 2, 1336
https://www.goal.com/en-us, goal.com, 0, 1, 150
https://www.goal.com/en-us, goal.com, 1, 1, 882
https://www.goal.com/en-us, goal.com, 2, None, 889
https://www.is.com/tapjoy/, is.com, 0, 1, 170
https://www.is.com/tapjoy/, is.com, 1, -1, 947
https://www.is.com/tapjoy/, is.com, 2, None, 974
https://www.comodo.com/, comodo.com, 0, 1, 251
https://www.comodo.com/, comodo.com, 1, 1, 1027
https://www.comodo.com/, comodo.com, 2, 2, 1065
https://ebscohost.com/, ebscohost.com, 0, 1, 8
https://ebscohost.com/, ebscohost.com, 1, None, 104
https://ebscohost.com/, ebscohost.com, 2, None, 121
https://www.eyeota.com/, eyeota.com, 0, 1, 193
https://www.eyeota.com/, eyeota.com, 1, 1, 887
https://www.eyeota.com/, eyeota.com, 2, None, 830
https://www.atlasobscura.com/, atlasobscura.com, 0, 1, 219
https://www.atlasobscura.com/, atlasobscura.com, 1, 1, 953
https://www.atlasobscura.com/, atlasobscura.com, 2, -2, 831
https://www.thebalancemoney.com/, thebalancemoney.com, 0, 1, 129
https://www.thebalancemoney.com/, thebalancemoney.com, 1, None, 439
https://www.thebalancemoney.com/, thebalancemoney.com, 2, None, 468
https://www.adyen.com/, adyen.com, 0, 1, 66
https://www.adyen.com/, adyen.com, 1, 1, 638
https://www.adyen.com/, adyen.com, 2, 2, 625
https://screenconnect.connectwise.com/, connectwise.com, 0, 1, 449
https://screenconnect.connectwise.com/, connectwise.com, 1, 1, 1183
https://screenconnect.connectwise.com/, connectwise.com, 2, 2, 1190
https://www.iubenda.com/en/, iubenda.com, 0, 1, 58
https://www.iubenda.com/en/, iubenda.com, 1, 1, 500
https://www.iubenda.com/en/, iubenda.com, 2, 2, 437
https://www.rockstargames.com/, rockstargames.com, 0, 1, 104
https://www.rockstargames.com/, rockstargames.com, 1, None, 663
https://www.rockstargames.com/, rockstargames.com, 2, None, 599
https://www.shadowserver.org/, shadowserver.org, 0, 1, 71
https://www.shadowserver.org/, shadowserver.org, 1, 1, 480
https://www.shadowserver.org/, shadowserver.org, 2, 2, 440
https://www.scoop.it/, scoop.it, 0, 1, 58
https://www.scoop.it/, scoop.it, 1, 1, 560
https://www.scoop.it/, scoop.it, 2, 2, 558
https://www.siteground.com/, siteground.com, 0, 1, 83
https://www.siteground.com/, siteground.com, 1, 1, 563
https://www.siteground.com/, siteground.com, 2, 2, 419
https://superuser.com/, superuser.com, 0, 1, 44
https://superuser.com/, superuser.com, 1, 1, 443
https://superuser.com/, superuser.com, 2, -2, 523
https://www.byu.edu/, byu.edu, 0, 1, 51
https://www.byu.edu/, byu.edu, 1, None, 372
https://www.byu.edu/, byu.edu, 2, None, 406
https://www.thespruce.com/, thespruce.com, 0, 1, 122
https://www.thespruce.com/, thespruce.com, 1, None, 776
https://www.thespruce.com/, thespruce.com, 2, None, 718
https://chinatelecomglobal.com/, chinatelecomglobal.com, 0, 1, 6
https://chinatelecomglobal.com/, chinatelecomglobal.com, 1, None, 72
https://chinatelecomglobal.com/, chinatelecomglobal.com, 2, None, 104
https://senderscore.org/, senderscore.org, 0, 1, 115
https://senderscore.org/, senderscore.org, 1, 1, 715
https://senderscore.org/, senderscore.org, 2, 2, 733
https://www.greenhouse.com/, greenhouse.com, 0, 1, 413
https://www.greenhouse.com/, greenhouse.com, 1, 1, 1290
https://www.greenhouse.com/, greenhouse.com, 2, -2, 1240
https://www.mynavi.jp/, mynavi.jp, 0, 1, 57
https://www.mynavi.jp/, mynavi.jp, 1, -1, 643
https://www.mynavi.jp/, mynavi.jp, 2, None, 514
https://www.fujitsu.com/global/, fujitsu.com, 0, 1, 1465
https://www.fujitsu.com/global/, fujitsu.com, 1, -1, 1516
https://www.fujitsu.com/global/, fujitsu.com, 2, None, 1505
https://www.linkfire.com/, linkfire.com, 0, 1, 91
https://www.linkfire.com/, linkfire.com, 1, 1, 610
https://www.linkfire.com/, linkfire.com, 2, -2, 567
https://www.verywellhealth.com/, verywellhealth.com, 0, 1, 55
https://www.verywellhealth.com/, verywellhealth.com, 1, None, 421
https://www.verywellhealth.com/, verywellhealth.com, 2, None, 420
https://www.mimecast.com/, mimecast.com, 0, 1, 185
https://www.mimecast.com/, mimecast.com, 1, 1, 998
https://www.mimecast.com/, mimecast.com, 2, None, 999
https://www.gmu.edu/, gmu.edu, 0, 1, 176
https://www.gmu.edu/, gmu.edu, 1, 1, 646
https://www.gmu.edu/, gmu.edu, 2, None, 481
https://www.treehugger.com/, treehugger.com, 0, 1, 63
https://www.treehugger.com/, treehugger.com, 1, None, 394
https://www.treehugger.com/, treehugger.com, 2, None, 462
https://www.brevo.com/, brevo.com, 0, 1, 90
https://www.brevo.com/, brevo.com, 1, 1, 469
https://www.brevo.com/, brevo.com, 2, 2, 594
https://www.nhl.com/, nhl.com, 0, 1, 171
https://www.nhl.com/, nhl.com, 1, 1, 529
https://www.nhl.com/, nhl.com, 2, None, 569
https://www.acer.com/us-en/, acer.com, 0, 1, 431
https://www.acer.com/us-en/, acer.com, 1, 1, 1102
https://www.acer.com/us-en/, acer.com, 2, None, 1249
https://www.siteground.com/, siteground.com, 0, 1, 85
https://www.siteground.com/, siteground.com, 1, 1, 563
https://www.siteground.com/, siteground.com, 2, 2, 443
https://www.smartthings.com/, smartthings.com, 0, 1, 68
https://www.smartthings.com/, smartthings.com, 1, 1, 723
https://www.smartthings.com/, smartthings.com, 2, None, 609
https://www.sketchup.com/, sketchup.com, 0, 1, 308
https://www.sketchup.com/, sketchup.com, 1, 1, 1082
https://www.sketchup.com/, sketchup.com, 2, -2, 1167
https://askubuntu.com/, askubuntu.com, 0, 1, 47
https://askubuntu.com/, askubuntu.com, 1, 1, 392
https://askubuntu.com/, askubuntu.com, 2, -2, 439
https://www.travelandleisure.com/, travelandleisure.com, 0, 1, 145
https://www.travelandleisure.com/, travelandleisure.com, 1, None, 556
https://www.travelandleisure.com/, travelandleisure.com, 2, None, 539
https://observer.com/, observer.com, 0, 1, 619
https://observer.com/, observer.com, 1, 1, 1555
https://observer.com/, observer.com, 2, None, 1617
https://corp.kaltura.com/, kaltura.com, 0, 1, 470
https://corp.kaltura.com/, kaltura.com, 1, 1, 1078
https://corp.kaltura.com/, kaltura.com, 2, None, 1103
https://www.bunq.com/, bunq.com, 0, 1, 73
https://www.bunq.com/, bunq.com, 1, 1, 537
https://www.bunq.com/, bunq.com, 2, None, 519
https://www.unimelb.edu.au/, unimelb.edu.au, 0, 1, 33
https://www.unimelb.edu.au/, unimelb.edu.au, 1, 1, 373
https://www.unimelb.edu.au/, unimelb.edu.au, 2, None, 379
https://smadex.com/, smadex.com, 0, 1, 61
https://smadex.com/, smadex.com, 1, 1, 581
https://smadex.com/, smadex.com, 2, 2, 543
https://www.flashscore.com/, flashscore.com, 0, 1, 197
https://www.flashscore.com/, flashscore.com, 1, 1, 679
https://www.flashscore.com/, flashscore.com, 2, 2, 771
https://www.mendeley.com/, mendeley.com, 0, 1, 44
https://www.mendeley.com/, mendeley.com, 1, 1, 325
https://www.mendeley.com/, mendeley.com, 2, None, 325
https://elsevierhealth.com/, elsevierhealth.com, 0, 1, 8
https://elsevierhealth.com/, elsevierhealth.com, 1, None, 111
https://elsevierhealth.com/, elsevierhealth.com, 2, None, 109
https://www.lilly.com/, lilly.com, 0, 1, 61
https://www.lilly.com/, lilly.com, 1, 1, 351
https://www.lilly.com/, lilly.com, 2, 2, 309
https://www.pitneybowes.com/us, pitneybowes.com, 0, 1, 124
https://www.pitneybowes.com/us, pitneybowes.com, 1, 1, 451
https://www.pitneybowes.com/us, pitneybowes.com, 2, -2, 437
https://nap.nationalacademies.org/, nationalacademies.org, 0, 1, 95
https://nap.nationalacademies.org/, nationalacademies.org, 1, 1, 532
https://nap.nationalacademies.org/, nationalacademies.org, 2, None, 521
https://www.deltadna.net/login, deltadna.net, 0, 1, 41
https://www.deltadna.net/login, deltadna.net, 1, 1, 396
https://www.deltadna.net/login, deltadna.net, 2, None, 426
https://kpmg.com/xx/en/home.html, kpmg.com, 0, 1, 75
https://kpmg.com/xx/en/home.html, kpmg.com, 1, 1, 416
https://kpmg.com/xx/en/home.html, kpmg.com, 2, None, 462
https://www.isipp.com/, isipp.com, 0, 1, 117
https://www.isipp.com/, isipp.com, 1, 1, 600
https://www.isipp.com/, isipp.com, 2, None, 584
https://sqills.com/, sqills.com, 1, None, 113
https://sqills.com/, sqills.com, 2, None, 89
https://www.imperial.ac.uk/, imperial.ac.uk, 0, 1, 42
https://www.imperial.ac.uk/, imperial.ac.uk, 1, 1, 384
https://www.imperial.ac.uk/, imperial.ac.uk, 2, 2, 388
https://www.split.io/, split.io, 0, 1, 130
https://www.split.io/, split.io, 1, -1, 742
https://www.split.io/, split.io, 2, -2, 668
https://doodle.com/en/, doodle.com, 0, 1, 64
https://doodle.com/en/, doodle.com, 1, 1, 510
https://doodle.com/en/, doodle.com, 2, -2, 457
https://www.oclc.org/en/home.html?redirect=true, oclc.org, 0, 1, 150
https://www.oclc.org/en/home.html?redirect=true, oclc.org, 1, 1, 606
https://www.oclc.org/en/home.html?redirect=true, oclc.org, 2, 2, 590
https://www.spglobal.com/en/, spglobal.com, 0, 1, 423
https://www.spglobal.com/en/, spglobal.com, 1, 1, 1391
https://www.spglobal.com/en/, spglobal.com, 2, None, 1623
https://www.overleaf.com/, overleaf.com, 0, 1, 25
https://www.overleaf.com/, overleaf.com, 1, 1, 270
https://www.overleaf.com/, overleaf.com, 2, None, 298
https://adtelligent.com/, adtelligent.com, 0, 1, 77
https://adtelligent.com/, adtelligent.com, 1, -1, 399
https://adtelligent.com/, adtelligent.com, 2, None, 402
https://www.playtika.com/, playtika.com, 0, 1, 374
https://www.playtika.com/, playtika.com, 1, 1, 1167
https://www.playtika.com/, playtika.com, 2, 2, 1103
https://www.pandasecurity.com/, pandasecurity.com, 0, 1, 36
https://www.pandasecurity.com/, pandasecurity.com, 1, 1, 449
https://www.pandasecurity.com/, pandasecurity.com, 2, 2, 366
https://www.hltv.org/, hltv.org, 0, 1, 178
https://www.hltv.org/, hltv.org, 1, 1, 2716
https://www.hltv.org/, hltv.org, 2, -2, 2258
https://www.barracuda.com/, barracuda.com, 0, 1, 235
https://www.barracuda.com/, barracuda.com, 1, 1, 940
https://www.barracuda.com/, barracuda.com, 2, None, 780
https://www.military.com/, military.com, 0, 1, 122
https://www.military.com/, military.com, 1, 1, 630
https://www.military.com/, military.com, 2, 2, 612
https://www.mailerlite.com/, mailerlite.com, 0, 1, 178
https://www.mailerlite.com/, mailerlite.com, 1, 1, 662
https://www.mailerlite.com/, mailerlite.com, 2, None, 631
https://gumgum.com/, gumgum.com, 0, 1, 93
https://gumgum.com/, gumgum.com, 1, 1, 550
https://gumgum.com/, gumgum.com, 2, -2, 554
https://www.ccleaner.com/homepage-modular, ccleaner.com, 0, 1, 64
https://www.ccleaner.com/homepage-modular, ccleaner.com, 1, None, 489
https://www.ccleaner.com/homepage-modular-2, ccleaner.com, 2, None, 643
https://www.hyprmx.com/, hyprmx.com, 0, 1, 198
https://www.hyprmx.com/, hyprmx.com, 1, 1, 1079
https://www.hyprmx.com/, hyprmx.com, 2, None, 992
https://www.wish.com/, wish.com, 0, 1, 340
https://www.wish.com/, wish.com, 1, 1, 1142
https://www.wish.com/, wish.com, 2, None, 1092
https://www.logitech.com/en-us, logitech.com, 0, 1, 204
https://www.logitech.com/en-us, logitech.com, 1, None, 1884
https://www.logitech.com/en-us, logitech.com, 2, None, 1836
https://www.airship.com/, airship.com, 0, 1, 182
https://www.airship.com/, airship.com, 1, 1, 893
https://www.airship.com/, airship.com, 2, 2, 802
https://uservoice.com/, uservoice.com, 0, 1, 190
https://uservoice.com/, uservoice.com, 1, 1, 1135
https://uservoice.com/, uservoice.com, 2, None, 883
https://aa.com.tr/, aa.com.tr, 0, 1, 6
https://aa.com.tr/, aa.com.tr, 1, None, 136
https://aa.com.tr/, aa.com.tr, 2, None, 118
https://www.splunk.com/, splunk.com, 0, 1, 111
https://www.splunk.com/, splunk.com, 1, 1, 914
https://www.splunk.com/, splunk.com, 2, 2, 797
https://www.rightmove.co.uk/, rightmove.co.uk, 0, 1, 45
https://www.rightmove.co.uk/, rightmove.co.uk, 1, 1, 537
https://www.rightmove.co.uk/, rightmove.co.uk, 2, 2, 343
https://www.liveabout.com/, liveabout.com, 0, 1, 127
https://www.liveabout.com/, liveabout.com, 1, None, 403
https://www.liveabout.com/, liveabout.com, 2, None, 485
https://www.bartleby.com/?isBot=NewRelicSynthetics, bartleby.com, 0, 1, 124
https://www.bartleby.com/?isBot=NewRelicSynthetics, bartleby.com, 2, None, 627
https://www.domain.com/, domain.com, 0, 1, 118
https://www.domain.com/, domain.com, 1, -1, 827
https://www.domain.com/, domain.com, 2, -2, 802
https://www.watchguard.com/, watchguard.com, 0, 1, 60
https://www.watchguard.com/, watchguard.com, 1, 1, 413
https://www.watchguard.com/, watchguard.com, 2, 2, 387
https://hik-connect.com/, hik-connect.com, 0, 1, 7
https://hik-connect.com/, hik-connect.com, 1, None, 109
https://hik-connect.com/, hik-connect.com, 2, None, 67
https://www.exoclick.com/, exoclick.com, 0, 1, 47
https://www.exoclick.com/, exoclick.com, 1, None, 952
https://www.exoclick.com/, exoclick.com, 2, None, 927
https://2k.com/en-US/, 2k.com, 0, 1, 54
https://2k.com/en-US/, 2k.com, 1, None, 359
https://2k.com/en-US/, 2k.com, 2, -2, 476
https://www.onaudience.com/, onaudience.com, 0, 1, 63
https://www.onaudience.com/, onaudience.com, 1, 1, 411
https://www.onaudience.com/, onaudience.com, 2, 2, 393
https://www.avid.com/, avid.com, 0, 1, 168
https://www.avid.com/, avid.com, 1, 1, 1032
https://www.avid.com/, avid.com, 2, 2, 897
https://corp.narvar.com/, narvar.com, 0, 1, 95
https://corp.narvar.com/, narvar.com, 1, 1, 502
https://corp.narvar.com/, narvar.com, 2, -2, 523
https://www.ets.org/, ets.org, 0, 1, 174
https://www.ets.org/, ets.org, 1, 1, 1938
https://www.ets.org/, ets.org, 2, -2, 1918
https://www.health.com/, health.com, 0, 1, 97
https://www.health.com/, health.com, 1, None, 1312
https://www.health.com/, health.com, 2, None, 701
https://ons.gov.uk/, ons.gov.uk, 0, 1, 0
https://ons.gov.uk/, ons.gov.uk, 1, None, 91
https://ons.gov.uk/, ons.gov.uk, 2, None, 128
https://www.rioseo.com/, rioseo.com, 0, 1, 156
https://www.rioseo.com/, rioseo.com, 1, 1, 519
https://www.rioseo.com/, rioseo.com, 2, None, 517
https://liveperson.net/, liveperson.net, 0, 1, 6
https://liveperson.net/, liveperson.net, 1, None, 112
https://liveperson.net/, liveperson.net, 2, None, 170
https://www.complex.com/, complex.com, 0, 1, 1255
https://www.complex.com/, complex.com, 1, None, 2227
https://www.complex.com/, complex.com, 2, None, 2420
https://www.bhg.com/, bhg.com, 0, 1, 115
https://www.bhg.com/, bhg.com, 1, None, 601
https://www.bhg.com/, bhg.com, 2, None, 602
https://www.thebalancemoney.com/career-planning-6265513, thebalancemoney.com, 0, 1, 125
https://www.thebalancemoney.com/career-planning-6265513, thebalancemoney.com, 1, None, 438
https://www.thebalancemoney.com/career-planning-6265513, thebalancemoney.com, 2, None, 534
https://www.geotrust.com/, geotrust.com, 0, 1, 61
https://www.geotrust.com/, geotrust.com, 1, 1, 511
https://www.geotrust.com/, geotrust.com, 2, None, 486
https://mariadb.org/, mariadb.org, 0, 1, 507
https://mariadb.org/, mariadb.org, 1, -1, 1404
https://mariadb.org/, mariadb.org, 2, None, 1363
https://www.rte.ie/, rte.ie, 0, 1, 160
https://www.rte.ie/, rte.ie, 1, None, 952
https://www.rte.ie/, rte.ie, 2, None, 1025
https://www.sabre.com/, sabre.com, 0, 1, 161
https://www.sabre.com/, sabre.com, 1, 1, 1046
https://www.sabre.com/, sabre.com, 2, None, 965
https://www.truecaller.com/, truecaller.com, 0, 1, 204
https://www.truecaller.com/, truecaller.com, 1, 1, 648
https://www.truecaller.com/, truecaller.com, 2, -2, 648
https://www.americanbar.org/, americanbar.org, 0, 1, 25
https://www.americanbar.org/, americanbar.org, 1, None, 202
https://www.americanbar.org/, americanbar.org, 2, None, 210
https://www.myfonts.com/, myfonts.com, 0, 1, 211
https://www.myfonts.com/, myfonts.com, 1, 1, 823
https://www.myfonts.com/, myfonts.com, 2, None, 910
https://gulfnews.com/, gulfnews.com, 0, 1, 1631
https://tfl.gov.uk/, tfl.gov.uk, 0, 1, 58
https://tfl.gov.uk/, tfl.gov.uk, 1, 1, 491
https://tfl.gov.uk/, tfl.gov.uk, 2, None, 532
https://www.forrester.com/bold, forrester.com, 0, 1, 61
https://www.forrester.com/bold, forrester.com, 1, 1, 476
https://www.forrester.com/bold, forrester.com, 2, None, 474
https://www.quovadisglobal.com/, quovadisglobal.com, 0, 1, 104
https://www.quovadisglobal.com/, quovadisglobal.com, 1, 1, 536
https://www.quovadisglobal.com/, quovadisglobal.com, 2, None, 529
https://www.active.com/, active.com, 0, 1, 378
https://www.active.com/, active.com, 1, 1, 1240
https://www.active.com/, active.com, 2, -2, 1265
https://www.fantasypros.com/, fantasypros.com, 0, 1, 1153
https://www.fantasypros.com/, fantasypros.com, 1, 1, 2069
https://www.fantasypros.com/, fantasypros.com, 2, None, 2090
https://www.eurogamer.net/, eurogamer.net, 0, 1, 41
https://www.eurogamer.net/, eurogamer.net, 1, 1, 579
https://www.eurogamer.net/, eurogamer.net, 2, None, 385
https://www.siteground.com/, siteground.com, 0, 1, 81
https://www.siteground.com/, siteground.com, 1, 1, 637
https://www.siteground.com/, siteground.com, 2, 2, 539
https://www.match.com/, match.com, 0, 1, 38
https://www.match.com/, match.com, 1, 1, 336
https://www.match.com/, match.com, 2, None, 362
https://www.realsimple.com/, realsimple.com, 0, 1, 114
https://www.realsimple.com/, realsimple.com, 1, None, 743
https://www.realsimple.com/, realsimple.com, 2, None, 574
https://www.thespruceeats.com/, thespruceeats.com, 0, 1, 111
https://www.thespruceeats.com/, thespruceeats.com, 1, None, 586
https://www.thespruceeats.com/, thespruceeats.com, 2, None, 599
https://www.freepik.es/, freepik.es, 0, 1, 434
https://www.freepik.es/, freepik.es, 1, 1, 1311
https://www.freepik.es/, freepik.es, 2, -2, 1337
https://www.nationalgeographic.org/society/, nationalgeographic.org, 0, 1, 1407
https://www.nationalgeographic.org/society/, nationalgeographic.org, 1, None, 1793
https://www.nationalgeographic.org/society/, nationalgeographic.org, 2, None, 1820
https://een.com/, een.com, 0, 1, 128
https://een.com/, een.com, 1, 1, 688
https://een.com/, een.com, 2, 2, 675
https://www.aap.org/, aap.org, 0, 1, 504
https://www.aap.org/, aap.org, 1, 1, 1462
https://www.aap.org/, aap.org, 2, None, 1391
https://www.seagate.com/, seagate.com, 0, 1, 225
https://www.seagate.com/, seagate.com, 1, 1, 853
https://www.seagate.com/, seagate.com, 2, 2, 710
https://www.kcl.ac.uk/, kcl.ac.uk, 0, 1, 42
https://www.kcl.ac.uk/, kcl.ac.uk, 1, 1, 597
https://www.kcl.ac.uk/, kcl.ac.uk, 2, 2, 468
https://www.snowflake.com/en/, snowflake.com, 0, 1, 127
https://www.snowflake.com/en/, snowflake.com, 1, 1, 700
https://www.snowflake.com/en/, snowflake.com, 2, None, 519
https://www.esri.com/en-us/home, esri.com, 0, 1, 186
https://www.esri.com/en-us/home, esri.com, 1, 1, 968
https://www.esri.com/en-us/home, esri.com, 2, None, 1012
https://www.tappx.com/, tappx.com, 0, 1, 59
https://www.tappx.com/, tappx.com, 1, 1, 559
https://www.tappx.com/, tappx.com, 2, -2, 522
https://www.ecwid.com/, ecwid.com, 0, 1, 128
https://www.ecwid.com/, ecwid.com, 1, None, 538
https://www.ecwid.com/, ecwid.com, 2, None, 508
https://www.sportingnews.com/us, sportingnews.com, 0, 1, 2040
https://www.sportingnews.com/us, sportingnews.com, 2, 2, 2701
https://apptimize.com/, apptimize.com, 0, 1, 86
https://apptimize.com/, apptimize.com, 1, 1, 691
https://apptimize.com/, apptimize.com, 2, 2, 521
https://serverfault.com/, serverfault.com, 0, 1, 57
https://serverfault.com/, serverfault.com, 1, 1, 457
https://serverfault.com/, serverfault.com, 2, -2, 430
https://www.nationalarchives.gov.uk/, nationalarchives.gov.uk, 0, 1, 37
https://www.nationalarchives.gov.uk/, nationalarchives.gov.uk, 1, 1, 293
https://www.nationalarchives.gov.uk/, nationalarchives.gov.uk, 2, 2, 290
https://www.zebra.com/us/en.html, zebra.com, 0, 1, 1132
https://www.zebra.com/us/en.html, zebra.com, 1, 1, 1758
https://www.zebra.com/us/en.html, zebra.com, 2, 2, 1637
https://www.epfl.ch/en/, epfl.ch, 0, 1, 44
https://www.epfl.ch/en/, epfl.ch, 1, None, 1633
https://www.epfl.ch/en/, epfl.ch, 2, None, 1633
https://www.xoom.com/, xoom.com, 0, 1, 52
https://www.xoom.com/, xoom.com, 1, 1, 456
https://www.xoom.com/, xoom.com, 2, None, 608
https://www.foodandwine.com/, foodandwine.com, 0, 1, 131
https://www.foodandwine.com/, foodandwine.com, 1, None, 531
https://www.foodandwine.com/, foodandwine.com, 2, None, 1095
https://www.vodafone.com/, vodafone.com, 0, 1, 71
https://www.vodafone.com/, vodafone.com, 1, 1, 684
https://www.vodafone.com/, vodafone.com, 2, 2, 511
https://www.workable.com/, workable.com, 0, 1, 144
https://www.workable.com/, workable.com, 1, 1, 886
https://www.workable.com/, workable.com, 2, 2, 797
